<?xml version="1.0" ?>
<manifest identifier="cVEBWYNyhiYBmoPPpHDdy2_ODKQKmXhsJsE28reB" version="1"
  xmlns="http://www.imsproject.org/xsd/imscp_rootv1p1p2"
  xmlns:adlcp="http://www.adlnet.org/xsd/adlcp_rootv1p2"
  xmlns:xsi="http://www.w3.org/2001/XMLSchema-instance"
  xsi:schemaLocation="http://www.imsproject.org/xsd/imscp_rootv1p1p2 imscp_rootv1p1p2.xsd
                      http://www.adlnet.org/xsd/adlcp_rootv1p2 adlcp_rootv1p2.xsd">
  <metadata>
    <schema>ADL SCORM</schema>
    <schemaversion>1.2</schemaversion>
    <adlcp:location>metadata.xml</adlcp:location>
  </metadata>
  <organizations default="articulate_rise">
      <organization identifier="articulate_rise">
      <title>Gramática Rápida Educativa</title>
      <item identifier="i1" identifierref="r1" isvisible="true">
        <title>Gramática Rápida Educativa</title>
        <adlcp:datafromlms>eyJjcHYiOiJKc0UyOHJlQiIsInJsZCI6ZmFsc2V9</adlcp:datafromlms>
      </item>
    </organization>
  </organizations>
  <resources>
    <resource identifier="r1" type="webcontent" adlcp:scormtype="sco" href="scormdriver/indexAPI.html">
      <!-- SCORMDRIVER STUFF -->
      <file href="scormdriver/indexAPI.html" />
      <file href="scormdriver/preloadIntegrity.js" />
      <file href="scormdriver/driverOptions.js" />
      <file href="scormdriver/AICCComm.html" />
      <file href="scormdriver/auto-scripts/AutoBookmark.js" />
      <file href="scormdriver/auto-scripts/AutoCompleteSCO.js" />
      <file href="scormdriver/auto-scripts/CourseExit.js" />
      <file href="scormdriver/blank.html" />
      <file href="scormdriver/goodbye.html" />
      <file href="scormdriver/scormdriver.js" />
      <file href="scormdriver/browsersniff.js" />

      <!-- RUNTIME COMMON STUFF -->
      <file href="scormcontent/index.html" />

      
        <file href="scormcontent/lib/fonts/icomoon.ttf"/>
        <file href="scormcontent/lib/fonts/icomoon.woff"/>

        <file href="scormcontent/lib/icomoon.css"/>
        <file href="scormcontent/lib/player-0.0.11.min.js"/>
        <file href="scormcontent/lib/lzwcompress.js"/>
      

      <!-- FRONTEND BUNDLE ASSETS -->
      <file href="scormcontent/lib/rise/a8c7ffa7.js" />
<file href="scormcontent/lib/rise/b7e6275d.css" />
<file href="scormcontent/lib/rise/32bb1629.js" />
<file href="scormcontent/lib/rise/12da2f17.css" />
<file href="scormcontent/lib/rise/8c68e0d2.js" />
<file href="scormcontent/lib/rise/d562e886.woff" />
<file href="scormcontent/lib/rise/d757c535.woff" />
<file href="scormcontent/lib/rise/db074fa2.woff" />
<file href="scormcontent/lib/rise/354501ba.woff" />
<file href="scormcontent/lib/rise/6fdf0ac5.woff" />
<file href="scormcontent/lib/rise/0c3b8929.woff" />
<file href="scormcontent/lib/rise/428978dc.woff" />
<file href="scormcontent/lib/rise/fd947498.woff" />
<file href="scormcontent/lib/rise/4f35fbcc.woff" />
<file href="scormcontent/lib/rise/3f07ed67.woff" />
<file href="scormcontent/lib/rise/96759856.woff" />
<file href="scormcontent/lib/rise/b9cd458a.woff" />
<file href="scormcontent/lib/rise/8d593cfa.woff" />
<file href="scormcontent/lib/rise/02271ec5.woff" />
<file href="scormcontent/lib/rise/073b3402.woff" />
<file href="scormcontent/lib/rise/0108e89c.woff" />
<file href="scormcontent/lib/rise/3a99e70a.woff" />
<file href="scormcontent/lib/rise/7947224e.woff" />
<file href="scormcontent/lib/rise/aeffd802.woff" />
<file href="scormcontent/lib/rise/4c6b94fd.woff" />
<file href="scormcontent/lib/rise/5ce3f37c.js" />
<file href="scormcontent/lib/rise/90ac3c0d.js" />
<file href="scormcontent/lib/rise/cd4b8004.js" />
<file href="scormcontent/lib/rise/2c5680f5.js" />
<file href="scormcontent/lib/mondrian/entry.js" />
<file href="scormcontent/lib/mondrian/cb77b9e0.js" />
<file href="scormcontent/lib/mondrian/295be052.js" />
<file href="scormcontent/lib/mondrian/215fe725.js" />
<file href="scormcontent/lib/mondrian/c16e7dd3.js" />
<file href="scormcontent/lib/mondrian/5ebb90af.js" />
<file href="scormcontent/lib/mondrian/825dd797.js" />
<file href="scormcontent/lib/mondrian/beccd965.js" />
<file href="scormcontent/lib/mondrian/56ae9b9c.js" />


      <!-- RUNTIME CONTENT STUFF -->
      <file href="scormcontent/lib/fonts/Lato-Black.woff" />
<file href="scormcontent/lib/fonts/Lato-Italic.woff" />
<file href="scormcontent/lib/fonts/Lato-Bold.woff" />
<file href="scormcontent/lib/fonts/Lato-Regular.woff" />
<file href="scormcontent/lib/fonts/Lato-Light.woff" />
<file href="scormcontent/lib/fonts/Merriweather-Black.woff" />
<file href="scormcontent/lib/fonts/Merriweather-Italic.woff" />
<file href="scormcontent/lib/fonts/Merriweather-Bold.woff" />
<file href="scormcontent/lib/fonts/Merriweather-Regular.woff" />
<file href="scormcontent/lib/fonts/Merriweather-Light.woff" />
<file href="scormcontent/assets/small.png" />
<file href="scormcontent/assets/x18Lku/small.png" />
<file href="scormcontent/assets/wZtPe-/small.png" />
<file href="scormcontent/assets/Lqw1YW/small.png" />
<file href="scormcontent/assets/GVkZbunjlou8AgrB.jpg" />
<file href="scormcontent/assets/ACTIVIDADES.mp4" />
<file href="scormcontent/assets/ACTIVIDADES.jpg" />
<file href="scormcontent/assets/7pUQSy/ACTIVIDADES.mp4" />
<file href="scormcontent/assets/ih2yKL/ACTIVIDADES.jpg" />
<file href="scormcontent/assets/PDON19/ACTIVIDADES.mp4" />
<file href="scormcontent/assets/SpOuFE/ACTIVIDADES.jpg" />

      <file href="scormcontent/locales/und.js" />

    </resource>
  </resources>
</manifest>
